0,1
and,56
the,40
to,35
for,29
of,22
in,18
or,16
a,16
with,15
experience,15
may,12
johns,10
hopkins,10
will,10
be,10
is,8
as,8
university,7
these,7
job,6
at,6
govex,6
data,6
web,6
are,6
information,6
years,6
on,6
additional,6
our,5
support,5
this,5
work,5
related,5
required,5
jhu,5
role,4
you,4
committed,4
public,4
candidates,4
please,4
visit,4
from,4
2,4
education,4
substitute,4
permitted,4
equivalency,4
status,4
health,4
applicants,4
employment,4
preemployment,4
documentation,4
developer,3
government,3
excellence,3
team,3
that,3
improve,3
your,3
new,3
project,3
development,3
employees,3
more,3
design,3
software,3
other,3
five,3
proficiency,3
eg,3
working,3
such,3
programming,3
degree,3
title,3
location,3
academic,3
total,3
two,3
not,3
their,3
applicable,3
an,3
conviction,3
vaccines,3
positions,3
diseases,3
full,2
description,2
center,2
typescriptjavascript,2
practice,2
leaders,2
across,2
states,2
results,2
while,2
innovation,2
evolve,2
current,2
products,2
local,2
governments,2
part,2
technologies,2
collaboration,2
has,2
supported,2
over,2
sector,2
by,2
assistance,2
research,2
analytics,2
training,2
practices,2
through,2
addressing,2
structural,2
entrenched,2
racism,2
we,2
about,2
duties,2
solutions,2
accessibility,2
meet,2
special,2
css,2
must,2
similar,2
relevant,2
familiarity,2
languages,2
libraries,2
git,2
following,2
tools,2
minimum,2
qualifications,2
towards,2
undergraduate,2
can,2
considered,2
formula,2
posting,2
salary,2
range,2
time,2
schedule,2
exempt,2
campus,2
rewards,2
based,2
level,2
position,2
if,2
credits,2
year,2
basis,2
who,2
requirements,2
provide,2
date,2
background,2
individuals,2
does,2
law,2
diversity,2
inclusion,2
all,2
accommodation,2
any,2
contact,2
office,2
covid19,2
vaccine,2
apply,2
vaccination,2
should,2
physical,2
measles,2
varicella,2
having,2
blood,2
tests,2
req,1
id,1
113365typescriptjavascript,1
bloomberg,1
seeks,1
hire,1
join,1
performance,1
experts,1
senior,1
united,1
canada,1
latin,1
america,1
use,1
get,1
better,1
resident,1
contribute,1
meaningful,1
projects,1
residents,1
lives,1
collaborating,1
passionate,1
primary,1
focus,1
help,1
easily,1
access,1
informed,1
decisionmaking,1
also,1
developments,1
whole,1
product,1
portfolio,1
expertise,1
passion,1
experimentation,1
play,1
vital,1
contributing,1
captivating,1
innovative,1
user,1
experiences,1
since,1
2015,1
10000,1
37,1
countries,1
568,1
cities,1
counties,1
providing,1
coaching,1
technical,1
capacity,1
building,1
human,1
resource,1
recognized,1
leader,1
provision,1
upskill,1
selfguided,1
courses,1
instructorfacilitated,1
learning,1
recognizes,1
sectorâ€™s,1
perpetuating,1
legacies,1
looking,1
dismantling,1
issues,1
promote,1
communities,1
httpsgovexjhuedu,1
specific,1
responsibilities,1
develop,1
deploy,1
tsjs,1
collaborate,1
closely,1
colleagues,1
continuously,1
enhancing,1
functionality,1
needs,1
lead,1
features,1
concept,1
deployment,1
fostering,1
culture,1
alongside,1
engineers,1
crossfunctional,1
teams,1
including,1
it,1
integrate,1
seamlessly,1
existing,1
cloud,1
enterprise,1
services,1
perform,1
assigned,1
knowledge,1
skills,1
abilities,1
three,1
html,1
typescript,1
javascript,1
best,1
highly,1
accessible,1
multilingual,1
performant,1
websites,1
ie,1
html5,1
css3,1
ecmascript,1
6,1
wcag,1
w3c,1
i18n,1
reactnextjs,1
globally,1
progressive,1
application,1
frameworkâ€”supporting,1
both,1
serverside,1
client,1
side,1
applications,1
vue,1
svelte,1
angular,1
graphql,1
understanding,1
mobilefirst,1
principles,1
implementation,1
preprocessors,1
bundlers,1
associated,1
syntaxes,1
sass,1
less,1
webpack,1
flow,1
github,1
utilizing,1
task,1
management,1
systems,1
asana,1
organize,1
track,1
tasks,1
milestones,1
deadlines,1
effectively,1
willingness,1
learn,1
plus,1
figma,1
headless,1
cms,1
like,1
strapi,1
visualization,1
d3,1
plotly,1
leaflet,1
mapbox,1
datawrapper,1
backend,1
language,1
used,1
python,1
r,1
bachelors,1
direct,1
pursuing,1
count,1
significant,1
coursework,1
independent,1
extent,1
preferred,1
professional,1
preferably,1
fastpaced,1
dynamic,1
environment,1
classified,1
engineer,1
rolelevelrange,1
atp04pe,1
starting,1
72600,1
127000,1
annually,1
90000,1
targeted,1
commensurate,1
employee,1
group,1
mondayfriday,1
8am530pm,1
homewood,1
department,1
name,1
â€‹â€‹â€‹â€‹â€‹â€‹â€‹ctrs,1
govt,1
innova,1
personnel,1
area,1
business,1
centers,1
referenced,1
universityâ€™s,1
good,1
faith,1
belief,1
actual,1
compensation,1
vary,1
factors,1
geographic,1
market,1
conditions,1
educationtraining,1
skill,1
offers,1
package,1
supports,1
life,1
career,1
retirement,1
found,1
here,1
httpshrjhuedubenefitsworklife,1
refer,1
above,1
see,1
which,1
forms,1
equivalencies,1
follow,1
guidelines,1
30,1
semester,1
hours,1
18,1
graduate,1
one,1
same,1
jobs,1
where,1
up,1
nonrelated,1
college,1
course,1
applied,1
educationexperience,1
respective,1
do,1
posted,1
but,1
completing,1
final,1
semesterquarter,1
eligible,1
asked,1
confirming,1
completion,1
successful,1
subject,1
check,1
hiring,1
justiceinvolved,1
consistent,1
policies,1
prior,1
criminal,1
history,1
automatically,1
preclude,1
accordance,1
review,1
individual,1
nature,1
how,1
relates,1
essential,1
jobrelated,1
qualification,1
function,1
values,1
equity,1
advances,1
key,1
strategic,1
framework,1
roadmap,1
equal,1
opportunity,1
employer,1
qualified,1
receive,1
consideration,1
without,1
regard,1
race,1
color,1
religion,1
sex,1
sexual,1
orientation,1
gender,1
identity,1
national,1
origin,1
disability,1
protected,1
veteran,1
eeo,1
httpswwweeocgovsitesdefaultfiles20230622088eeocknowyourrights612screenrdrpdf,1
interested,1
applying,1
require,1
during,1
process,1
talent,1
acquisition,1
jhurecruitmentjhuedu,1
tty,1
users,1
call,1
via,1
maryland,1
relay,1
dial,1
711,1
workplace,1
accommodations,1
httpsaccessibilityjhuedu,1
mandated,1
influenza,1
located,1
state,1
florida,1
exceptions,1
covid,1
flu,1
provided,1
religious,1
beliefs,1
medical,1
reasons,1
requests,1
exception,1
submitted,1
registry,1
som,1
httpswwwhopkinsmedicineorgcoronaviruscovid19vaccine,1
httpscovidinfojhueduhealthsafetycovidvaccinationinformation,1
provisions,1
depending,1
upon,1
recruiter,1
advise,1
accordingly,1
clinical,1
areas,1
laboratories,1
subjects,1
involving,1
community,1
requires,1
immune,1
against,1
rubella,1
german,1
rubeola,1
mumps,1
chickenpox,1
hepatitis,1
b,1
received,1
tdap,1
tetanus,1
diphtheria,1
pertussis,1
include,1
mmr,1
antibody,1
laboratory,1
testing,1
immunities,1
ordinarily,1
included,1
exam,1
except,1
those,1
immunization,1
own,1
care,1
providers,1
vaccinations,1
given,1
no,1
cost,1
occupational,1
type,1
fulltime,1
pay,1
7260000,1
12700000,1
per,1
benefits,1
insurance,1
5,1
8,1
hour,1
shift,1
person,1
